{
  "source": "datasets/MOT17-02-SDP/img1",
  "model": "yolo11s.pt",
  "model_size_mb": 18.419010162353516,
  "conf": 0.25,
  "iou": 0.7,
  "imgsz": 960,
  "frame_count": 600,
  "result_count": 600,
  "total_detections": 13151,
  "total_time_sec": 28.232090589001018,
  "fps": 21.252411262584815,
  "save_predictions": false
}