{
  "source": "datasets/MOT17-02-SDP/img1",
  "model": "yolo11s.pt",
  "model_size_mb": 18.419010162353516,
  "conf": 0.25,
  "iou": 0.7,
  "imgsz": 1280,
  "frame_count": 600,
  "result_count": 600,
  "total_detections": 14833,
  "total_time_sec": 48.225139706002665,
  "fps": 12.441643583778296,
  "save_predictions": false
}